{
  "claude": {
    "claude-opus-4-5": {
      "cost": 399.9230265,
      "tokens": 309894183,
      "messages": 5119
    },
    "claude-haiku-4-5": {
      "cost": 423.12614814999995,
      "tokens": 1979216627,
      "messages": 30743
    },
    "reconstructed-claude-history": {
      "cost": 12527.973115000004,
      "tokens": 2002157100,
      "messages": 115006
    },
    "claude-sonnet-4-5": {
      "cost": 1083.2161705499998,
      "tokens": 1918736560,
      "messages": 33599
    },
    "claude-sonnet-4": {
      "cost": 0.210345,
      "tokens": 76499,
      "messages": 4
    },
    "claude-opus-4-6": {
      "cost": 11754.496395499998,
      "tokens": 11561300601,
      "messages": 111511
    },
    "claude-sonnet-4-6": {
      "cost": 2299.70319615,
      "tokens": 3397295742,
      "messages": 69439
    },
    "claude-opus-4-7": {
      "cost": 19893.3066445,
      "tokens": 22376983819,
      "messages": 102655
    }
  },
  "gemini": {
    "gemini-2.5-pro": {
      "cost": 0.1720905,
      "tokens": 267372,
      "messages": 14
    },
    "gemini-2.5-flash": {
      "cost": 0.00649651,
      "tokens": 51054,
      "messages": 5
    }
  },
  "codex": {
    "gpt-5.3-codex": {
      "cost": 726.6401589999997,
      "tokens": 2183012963,
      "messages": 21415
    },
    "gpt-5.3-codex-spark": {
      "cost": 344.94837264999995,
      "tokens": 1025501756,
      "messages": 17203
    },
    "gpt-5.4": {
      "cost": 8481.047838,
      "tokens": 22060408174,
      "messages": 123983
    },
    "gpt-5.4-mini": {
      "cost": 66.37055744999999,
      "tokens": 347333706,
      "messages": 2522
    },
    "gpt-5.5": {
      "cost": 13148.000031999998,
      "tokens": 19065065007,
      "messages": 150039
    }
  },
  "hermes": {
    "gpt-5.5": {
      "cost": 307.27614200000005,
      "tokens": 264365332,
      "messages": 15890
    }
  }
}
