{
  "claude": {
    "claude-opus-4-5": {
      "cost": 399.92302650000005,
      "tokens": 309894183,
      "messages": 5119
    },
    "claude-haiku-4-5": {
      "cost": 425.3273304499999,
      "tokens": 1991928909,
      "messages": 30856
    },
    "reconstructed-claude-history": {
      "cost": 12527.973115000004,
      "tokens": 2002157100,
      "messages": 115006
    },
    "claude-sonnet-4-5": {
      "cost": 1083.21617055,
      "tokens": 1918736560,
      "messages": 33599
    },
    "claude-sonnet-4": {
      "cost": 0.210345,
      "tokens": 76499,
      "messages": 4
    },
    "claude-opus-4-6": {
      "cost": 11757.018718999998,
      "tokens": 11562794480,
      "messages": 111545
    },
    "claude-sonnet-4-6": {
      "cost": 2311.4352326999997,
      "tokens": 3417641200,
      "messages": 69770
    },
    "claude-opus-4-7": {
      "cost": 21223.38518775,
      "tokens": 23819794015,
      "messages": 108439
    }
  },
  "gemini": {
    "gemini-2.5-pro": {
      "cost": 0.1720905,
      "tokens": 267372,
      "messages": 14
    },
    "gemini-2.5-flash": {
      "cost": 0.00649651,
      "tokens": 51054,
      "messages": 5
    }
  },
  "codex": {
    "gpt-5.3-codex": {
      "cost": 726.6401589999999,
      "tokens": 2183012963,
      "messages": 21415
    },
    "gpt-5.3-codex-spark": {
      "cost": 351.70428229999993,
      "tokens": 1045580205,
      "messages": 17550
    },
    "gpt-5.4": {
      "cost": 8481.047837999999,
      "tokens": 22060408174,
      "messages": 123983
    },
    "gpt-5.4-mini": {
      "cost": 66.37055744999998,
      "tokens": 347333706,
      "messages": 2522
    },
    "gpt-5.5": {
      "cost": 13807.528749000001,
      "tokens": 20042798518,
      "messages": 157411
    }
  },
  "hermes": {
    "gpt-5.5": {
      "cost": 307.27614200000005,
      "tokens": 264365332,
      "messages": 15890
    }
  }
}
