{
  "claude": {
    "claude-opus-4-5": {
      "cost": 399.92302650000005,
      "tokens": 309894183,
      "messages": 5119
    },
    "claude-haiku-4-5": {
      "cost": 422.15907274999995,
      "tokens": 1974923751,
      "messages": 30706
    },
    "reconstructed-claude-history": {
      "cost": 12527.973115000004,
      "tokens": 2002157100,
      "messages": 115006
    },
    "claude-sonnet-4-5": {
      "cost": 1083.21617055,
      "tokens": 1918736560,
      "messages": 33599
    },
    "claude-sonnet-4": {
      "cost": 0.210345,
      "tokens": 76499,
      "messages": 4
    },
    "claude-opus-4-6": {
      "cost": 11753.454789250001,
      "tokens": 11560827693,
      "messages": 111491
    },
    "claude-sonnet-4-6": {
      "cost": 2299.0827163500003,
      "tokens": 3396604490,
      "messages": 69418
    },
    "claude-opus-4-7": {
      "cost": 18827.905705249996,
      "tokens": 21104920250,
      "messages": 97846
    }
  },
  "gemini": {
    "gemini-2.5-pro": {
      "cost": 0.1720905,
      "tokens": 267372,
      "messages": 14
    },
    "gemini-2.5-flash": {
      "cost": 0.00649651,
      "tokens": 51054,
      "messages": 5
    }
  },
  "codex": {
    "gpt-5.3-codex": {
      "cost": 726.6401589999997,
      "tokens": 2183012963,
      "messages": 21415
    },
    "gpt-5.3-codex-spark": {
      "cost": 115.35996640000005,
      "tokens": 319189972,
      "messages": 4676
    },
    "gpt-5.4": {
      "cost": 8476.349932000001,
      "tokens": 22052695423,
      "messages": 123897
    },
    "gpt-5.4-mini": {
      "cost": 66.37055745,
      "tokens": 347333706,
      "messages": 2522
    },
    "gpt-5.5": {
      "cost": 2585.751068999998,
      "tokens": 3254925166,
      "messages": 31768
    }
  },
  "hermes": {
    "gpt-5.5": {
      "cost": 261.5327050000001,
      "tokens": 222578584,
      "messages": 14491
    }
  }
}
