{
  "claude": {
    "claude-opus-4-5": {
      "cost": 399.92302650000005,
      "tokens": 309894183,
      "messages": 5119
    },
    "claude-haiku-4-5": {
      "cost": 423.12614814999995,
      "tokens": 1979216627,
      "messages": 30743
    },
    "reconstructed-claude-history": {
      "cost": 12527.973115000004,
      "tokens": 2002157100,
      "messages": 115006
    },
    "claude-sonnet-4-5": {
      "cost": 1083.2161705499998,
      "tokens": 1918736560,
      "messages": 33599
    },
    "claude-sonnet-4": {
      "cost": 0.210345,
      "tokens": 76499,
      "messages": 4
    },
    "claude-opus-4-6": {
      "cost": 11754.496395499998,
      "tokens": 11561300601,
      "messages": 111511
    },
    "claude-sonnet-4-6": {
      "cost": 2299.7031961499997,
      "tokens": 3397295742,
      "messages": 69439
    },
    "claude-opus-4-7": {
      "cost": 19890.6099205,
      "tokens": 22374661249,
      "messages": 102628
    }
  },
  "gemini": {
    "gemini-2.5-pro": {
      "cost": 0.1720905,
      "tokens": 267372,
      "messages": 14
    },
    "gemini-2.5-flash": {
      "cost": 0.00649651,
      "tokens": 51054,
      "messages": 5
    }
  },
  "codex": {
    "gpt-5.3-codex": {
      "cost": 726.6401589999998,
      "tokens": 2183012963,
      "messages": 21415
    },
    "gpt-5.3-codex-spark": {
      "cost": 115.35996640000005,
      "tokens": 319189972,
      "messages": 4676
    },
    "gpt-5.4": {
      "cost": 8476.349932,
      "tokens": 22052695423,
      "messages": 123897
    },
    "gpt-5.4-mini": {
      "cost": 66.37055744999999,
      "tokens": 347333706,
      "messages": 2522
    },
    "gpt-5.5": {
      "cost": 2607.3438829999996,
      "tokens": 3273116241,
      "messages": 32122
    }
  },
  "hermes": {
    "gpt-5.5": {
      "cost": 307.24140200000005,
      "tokens": 264353422,
      "messages": 15884
    }
  }
}
