{
  "claude": {
    "claude-opus-4-5": {
      "cost": 399.9230265,
      "tokens": 309894183,
      "messages": 5119
    },
    "claude-haiku-4-5": {
      "cost": 433.5437980999999,
      "tokens": 2038002820,
      "messages": 31245
    },
    "reconstructed-claude-history": {
      "cost": 12527.973115000004,
      "tokens": 2002157100,
      "messages": 115006
    },
    "claude-sonnet-4-5": {
      "cost": 1083.29281065,
      "tokens": 1918863774,
      "messages": 33601
    },
    "claude-sonnet-4": {
      "cost": 0.210345,
      "tokens": 76499,
      "messages": 4
    },
    "claude-opus-4-6": {
      "cost": 11776.67197675,
      "tokens": 11573705134,
      "messages": 112162
    },
    "claude-sonnet-4-6": {
      "cost": 2349.9842305499997,
      "tokens": 3472226149,
      "messages": 71092
    },
    "claude-opus-4-7": {
      "cost": 22736.232286999995,
      "tokens": 25653492534,
      "messages": 114278
    },
    "claude-opus-4-8": {
      "cost": 1145.29151625,
      "tokens": 1177205428,
      "messages": 7460
    }
  },
  "gemini": {
    "gemini-2.5-pro": {
      "cost": 0.1720905,
      "tokens": 267372,
      "messages": 14
    },
    "gemini-2.5-flash": {
      "cost": 0.00649651,
      "tokens": 51054,
      "messages": 5
    }
  },
  "codex": {
    "gpt-5.3-codex": {
      "cost": 726.6401589999999,
      "tokens": 2183012963,
      "messages": 21415
    },
    "gpt-5.3-codex-spark": {
      "cost": 326.11410300000006,
      "tokens": 959247442,
      "messages": 16243
    },
    "gpt-5.4": {
      "cost": 8476.349932000001,
      "tokens": 22052695423,
      "messages": 123897
    },
    "gpt-5.4-mini": {
      "cost": 72.7281864,
      "tokens": 378804451,
      "messages": 3051
    },
    "gpt-5.5": {
      "cost": 16589.00756,
      "tokens": 23306445600,
      "messages": 198321
    }
  },
  "hermes": {
    "gpt-5.5": {
      "cost": 814.2017060000001,
      "tokens": 708169919,
      "messages": 36927
    }
  }
}
