{
  "claude": {
    "claude-opus-4-5": {
      "cost": 399.92302650000005,
      "tokens": 309894183,
      "messages": 5119
    },
    "claude-haiku-4-5": {
      "cost": 422.15907274999995,
      "tokens": 1974923751,
      "messages": 30706
    },
    "reconstructed-claude-history": {
      "cost": 12527.973115000004,
      "tokens": 2002157100,
      "messages": 115006
    },
    "claude-sonnet-4-5": {
      "cost": 1083.2161705499998,
      "tokens": 1918736560,
      "messages": 33599
    },
    "claude-sonnet-4": {
      "cost": 0.210345,
      "tokens": 76499,
      "messages": 4
    },
    "claude-opus-4-6": {
      "cost": 11754.496395499998,
      "tokens": 11561300601,
      "messages": 111511
    },
    "claude-sonnet-4-6": {
      "cost": 2299.0827163500003,
      "tokens": 3396604490,
      "messages": 69418
    },
    "claude-opus-4-7": {
      "cost": 18934.73250575,
      "tokens": 21225009660,
      "messages": 98117
    }
  },
  "gemini": {
    "gemini-2.5-pro": {
      "cost": 0.1720905,
      "tokens": 267372,
      "messages": 14
    },
    "gemini-2.5-flash": {
      "cost": 0.00649651,
      "tokens": 51054,
      "messages": 5
    }
  },
  "codex": {
    "gpt-5.3-codex": {
      "cost": 726.6401589999998,
      "tokens": 2183012963,
      "messages": 21415
    },
    "gpt-5.3-codex-spark": {
      "cost": 331.5711490000001,
      "tokens": 988173429,
      "messages": 16557
    },
    "gpt-5.4": {
      "cost": 8481.047837999999,
      "tokens": 22060408174,
      "messages": 123983
    },
    "gpt-5.4-mini": {
      "cost": 66.37055744999999,
      "tokens": 347333706,
      "messages": 2522
    },
    "gpt-5.5": {
      "cost": 11214.842964999998,
      "tokens": 16189892146,
      "messages": 130562
    }
  },
  "hermes": {
    "gpt-5.5": {
      "cost": 262.11223900000005,
      "tokens": 222734612,
      "messages": 14512
    }
  }
}
