{
  "claude": {
    "claude-opus-4-5": {
      "cost": 399.92302650000005,
      "tokens": 309894183,
      "messages": 5119
    },
    "claude-haiku-4-5": {
      "cost": 425.04021614999994,
      "tokens": 1990950426,
      "messages": 30848
    },
    "reconstructed-claude-history": {
      "cost": 12527.973115000004,
      "tokens": 2002157100,
      "messages": 115006
    },
    "claude-sonnet-4-5": {
      "cost": 1083.21617055,
      "tokens": 1918736560,
      "messages": 33599
    },
    "claude-sonnet-4": {
      "cost": 0.210345,
      "tokens": 76499,
      "messages": 4
    },
    "claude-opus-4-6": {
      "cost": 11756.501568,
      "tokens": 11562495321,
      "messages": 111538
    },
    "claude-sonnet-4-6": {
      "cost": 2310.695208,
      "tokens": 3416893805,
      "messages": 69736
    },
    "claude-opus-4-7": {
      "cost": 20577.881009749995,
      "tokens": 23134935057,
      "messages": 105751
    }
  },
  "gemini": {
    "gemini-2.5-pro": {
      "cost": 0.1720905,
      "tokens": 267372,
      "messages": 14
    },
    "gemini-2.5-flash": {
      "cost": 0.00649651,
      "tokens": 51054,
      "messages": 5
    }
  },
  "codex": {
    "gpt-5.3-codex": {
      "cost": 726.6401589999998,
      "tokens": 2183012963,
      "messages": 21415
    },
    "gpt-5.3-codex-spark": {
      "cost": 350.33712524999993,
      "tokens": 1041481079,
      "messages": 17490
    },
    "gpt-5.4": {
      "cost": 8481.047837999999,
      "tokens": 22060408174,
      "messages": 123983
    },
    "gpt-5.4-mini": {
      "cost": 66.37055744999999,
      "tokens": 347333706,
      "messages": 2522
    },
    "gpt-5.5": {
      "cost": 13650.572734000001,
      "tokens": 19809524194,
      "messages": 155477
    }
  },
  "hermes": {
    "gpt-5.5": {
      "cost": 307.27614200000005,
      "tokens": 264365332,
      "messages": 15890
    }
  }
}
