{
  "claude": {
    "claude-opus-4-5": {
      "cost": 442.09129649999994,
      "tokens": 318327837,
      "messages": 5119
    },
    "claude-haiku-4-5": {
      "cost": 523.2407609499999,
      "tokens": 2237233098,
      "messages": 33910
    },
    "reconstructed-claude-history": {
      "cost": 12527.973115000004,
      "tokens": 2002157100,
      "messages": 115006
    },
    "claude-sonnet-4-5": {
      "cost": 1229.2108525499996,
      "tokens": 1967401454,
      "messages": 33599
    },
    "unknown": {
      "cost": 0.0,
      "tokens": 163273,
      "messages": 0
    },
    "claude-sonnet-4": {
      "cost": 0.210345,
      "tokens": 76499,
      "messages": 4
    },
    "claude-opus-4-6": {
      "cost": 12432.065529499998,
      "tokens": 11711095089,
      "messages": 112269
    },
    "claude-sonnet-4-6": {
      "cost": 2676.5897634000016,
      "tokens": 3697068970,
      "messages": 73329
    },
    "claude-opus-4-7": {
      "cost": 22898.872986750004,
      "tokens": 25684549177,
      "messages": 114273
    },
    "claude-opus-4-8": {
      "cost": 6247.717124500003,
      "tokens": 7160377023,
      "messages": 31384
    },
    "claude-fable-5": {
      "cost": 1053.6815040000004,
      "tokens": 589085300,
      "messages": 3349
    },
    "mimo-v2.5-pro-ultraspeed": {
      "cost": 14.616693007199993,
      "tokens": 85717439,
      "messages": 2444
    }
  },
  "gemini": {
    "gemini-2.5-pro": {
      "cost": 0.1720905,
      "tokens": 267372,
      "messages": 14
    },
    "gemini-2.5-flash": {
      "cost": 0.00649651,
      "tokens": 51054,
      "messages": 5
    }
  },
  "codex": {
    "gpt-5.3-codex": {
      "cost": 726.6401589999999,
      "tokens": 2183012963,
      "messages": 21415
    },
    "gpt-5.3-codex-spark": {
      "cost": 316.7649338,
      "tokens": 928018533,
      "messages": 15811
    },
    "gpt-5.4": {
      "cost": 11660.253376500039,
      "tokens": 28865162879,
      "messages": 172984
    },
    "gpt-5.4-mini": {
      "cost": 110.60509365,
      "tokens": 561237378,
      "messages": 5919
    },
    "gpt-5.5": {
      "cost": 24334.532699,
      "tokens": 33880170564,
      "messages": 279986
    }
  },
  "hermes": {
    "gpt-5.5": {
      "cost": 1125.814578,
      "tokens": 934979199,
      "messages": 46115
    },
    "mimo-v2.5-pro-ultraspeed": {
      "cost": 13.345851999999999,
      "tokens": 35774092,
      "messages": 1258
    }
  }
}
