{
  "claude": {
    "claude-opus-4-5": {
      "cost": 399.92302650000005,
      "tokens": 309894183,
      "messages": 5119
    },
    "claude-haiku-4-5": {
      "cost": 425.3273304499999,
      "tokens": 1991928909,
      "messages": 30856
    },
    "reconstructed-claude-history": {
      "cost": 12527.973115000004,
      "tokens": 2002157100,
      "messages": 115006
    },
    "claude-sonnet-4-5": {
      "cost": 1083.29281065,
      "tokens": 1918863774,
      "messages": 33601
    },
    "claude-sonnet-4": {
      "cost": 0.210345,
      "tokens": 76499,
      "messages": 4
    },
    "claude-opus-4-6": {
      "cost": 11758.0402065,
      "tokens": 11563340117,
      "messages": 111563
    },
    "claude-sonnet-4-6": {
      "cost": 2311.6402612499996,
      "tokens": 3417810014,
      "messages": 69772
    },
    "claude-opus-4-7": {
      "cost": 21598.752595749997,
      "tokens": 24299603080,
      "messages": 109619
    }
  },
  "gemini": {
    "gemini-2.5-pro": {
      "cost": 0.1720905,
      "tokens": 267372,
      "messages": 14
    },
    "gemini-2.5-flash": {
      "cost": 0.00649651,
      "tokens": 51054,
      "messages": 5
    }
  },
  "codex": {
    "gpt-5.3-codex": {
      "cost": 726.6401589999999,
      "tokens": 2183012963,
      "messages": 21415
    },
    "gpt-5.3-codex-spark": {
      "cost": 351.70428229999993,
      "tokens": 1045580205,
      "messages": 17550
    },
    "gpt-5.4": {
      "cost": 8481.047837999999,
      "tokens": 22060408174,
      "messages": 123983
    },
    "gpt-5.4-mini": {
      "cost": 66.37055744999998,
      "tokens": 347333706,
      "messages": 2522
    },
    "gpt-5.5": {
      "cost": 13807.528749000001,
      "tokens": 20042798518,
      "messages": 157411
    }
  },
  "hermes": {
    "gpt-5.5": {
      "cost": 307.27614200000005,
      "tokens": 264365332,
      "messages": 15890
    }
  }
}
